sensor_no,X_mm_from_IMU,Y_mm_from_IMU,region,coordinate_note
1,-111.4,10.7,heel medial,X+: toe direction; Y+: medial direction; approximate digitization for Size 5 (93.8 x 261.1 mm)
2,-113.6,-15.0,heel lateral,X+: toe direction; Y+: medial direction; approximate digitization for Size 5 (93.8 x 261.1 mm)
3,-76.8,12.9,rearfoot medial,X+: toe direction; Y+: medial direction; approximate digitization for Size 5 (93.8 x 261.1 mm)
4,-79.9,-17.2,rearfoot lateral,X+: toe direction; Y+: medial direction; approximate digitization for Size 5 (93.8 x 261.1 mm)
5,-38.9,12.9,mid-rearfoot medial,X+: toe direction; Y+: medial direction; approximate digitization for Size 5 (93.8 x 261.1 mm)
6,-43.1,-18.2,mid-rearfoot lateral,X+: toe direction; Y+: medial direction; approximate digitization for Size 5 (93.8 x 261.1 mm)
7,7.4,33.2,medial midfoot,X+: toe direction; Y+: medial direction; approximate digitization for Size 5 (93.8 x 261.1 mm)
8,-3.2,-26.8,lateral midfoot,X+: toe direction; Y+: medial direction; approximate digitization for Size 5 (93.8 x 261.1 mm)
9,62.0,42.9,forefoot medial,X+: toe direction; Y+: medial direction; approximate digitization for Size 5 (93.8 x 261.1 mm)
10,58.9,22.5,forefoot medial-center,X+: toe direction; Y+: medial direction; approximate digitization for Size 5 (93.8 x 261.1 mm)
11,56.8,5.4,forefoot center,X+: toe direction; Y+: medial direction; approximate digitization for Size 5 (93.8 x 261.1 mm)
12,53.6,-10.7,forefoot lateral-center,X+: toe direction; Y+: medial direction; approximate digitization for Size 5 (93.8 x 261.1 mm)
13,49.4,-28.9,forefoot lateral,X+: toe direction; Y+: medial direction; approximate digitization for Size 5 (93.8 x 261.1 mm)
14,100.9,38.6,toe medial,X+: toe direction; Y+: medial direction; approximate digitization for Size 5 (93.8 x 261.1 mm)
15,98.8,12.9,toe center,X+: toe direction; Y+: medial direction; approximate digitization for Size 5 (93.8 x 261.1 mm)
16,94.6,-11.8,toe lateral,X+: toe direction; Y+: medial direction; approximate digitization for Size 5 (93.8 x 261.1 mm)
